{
  "project_info": {
    "project_number": "156492936880",
    "project_id": "agenda-universitaria-bea91",
    "storage_bucket": "agenda-universitaria-bea91.firebasestorage.app"
  },
  "client": [
    {
      "client_info": {
        "mobilesdk_app_id": "1:156492936880:android:98640523d56280399f6d75",
        "android_client_info": {
          "package_name": "com.example.semana6"
        }
      },
      "oauth_client": [],
      "api_key": [
        {
          "current_key": "AIzaSyCiPeCgKSxReUIooGRImC06j5CX_zoCdP8"
        }
      ],
      "services": {
        "appinvite_service": {
          "other_platform_oauth_client": []
        }
      }
    }
  ],
  "configuration_version": "1"
}